Model,Llama-info,Llama-judge,MC1,MC2,bleu acc,rouge1 acc
llama2-7b,0.9975520195838433,0.8041615667074663,0.24724602203182375,0.3876366610144567,0.32313341493268055,0.35128518971848227
