Model,Llama-info,Llama-judge,MC1,MC2,bleu acc,rouge1 acc
llama2-7b_cda_religion,0.9620563035495716,0.4394124847001224,0.25458996328029376,0.38800784365093444,0.30354957160342716,0.30354957160342716
