Model,Llama-info,Llama-judge,MC1,MC2,bleu acc,rouge1 acc
self_debiasing-phi2,0.9547123623011016,0.4283965728274174,0.3072215422276622,0.443730987586322,0.3659730722154223,0.37454100367197063
