Model,Llama-info,Llama-judge,MC1,MC2,bleu acc,rouge1 acc
phi2_cda_gender,0.9839307787391842,0.37453646477132263,0.28886168910648713,0.41318087152835703,0.3263288009888752,0.34981458590852904
