Model,Llama-info,Llama-judge,MC1,MC2,bleu acc,rouge1 acc
phi2_dropout,0.9779411764705882,0.40441176470588236,0.2998776009791922,0.4269058673788354,0.3480392156862745,0.3762254901960784
