Model,Llama-info,Llama-judge,MC1,MC2,bleu acc,rouge1 acc
inlp-race,0.5355392156862745,0.46691176470588236,0.23623011015911874,0.42259579255233937,0.2647058823529412,0.31495098039215685
