Model,Llama-info,Llama-judge,MC1,MC2,bleu acc,rouge1 acc
sentence_debiasing-race,0.49291784702549574,0.5538243626062322,0.23133414932680538,0.4145480982113177,0.2847025495750708,0.3640226628895184
