Model,Llama-info,Llama-judge,MC1,MC2,bleu acc,rouge1 acc
llama2-7b_cda_race,0.9730722154222766,0.3953488372093023,0.24357405140758873,0.3766591246314585,0.3011015911872705,0.3072215422276622
