Model,Llama-info,Llama-judge,MC1,MC2,bleu acc,rouge1 acc
llama2-7b_dropout,0.9280397022332506,0.7866004962779156,0.2582619339045288,0.3940964315392819,0.3076923076923077,0.3250620347394541
