Model,Llama-info,Llama-judge,MC1,MC2,bleu acc,rouge1 acc
instructive_debiasing-phi2,0.9742962056303549,0.40024479804161567,0.2962056303549572,0.4264961166274329,0.3353733170134639,0.3463892288861689
