Model,BLEURT acc,bleu acc,rouge1 acc
gpt2,0.35128518971848227,0.26438188494492043,0.3072215422276622
inlp,0.3759213759213759,0.22604422604422605,0.3022113022113022
sentence_debiasing,0.6699507389162561,0.14901477832512317,0.21798029556650247