Model,Llama-info,Llama-judge,MC1,MC2,bleu acc,rouge1 acc
phi2_cda_race,0.9835651074589128,0.34007585335018964,0.2729498164014688,0.3937076806400466,0.31352718078381797,0.3299620733249052
