Model,Llama-info,Llama-judge,MC1,MC2,bleu acc,rouge1 acc
gpt2_dropout,0.6638036809815951,0.3202453987730061,0.2350061199510404,0.4196469708082884,0.2625766871165644,0.3067484662576687
