Model,Llama-info,Llama-judge,MC1,MC2,bleu acc,rouge1 acc
gpt2_cda_religion,0.6808035714285714,0.35044642857142855,0.23133414932680538,0.4101115167953214,0.24776785714285715,0.28125
