Model,Llama-info,Llama-judge,MC1,MC2,bleu acc,rouge1 acc
phi2_cda_religion,0.9838509316770186,0.3341614906832298,0.27906976744186046,0.3904942014049773,0.2894409937888199,0.3142857142857143
