Model,Llama-info,Llama-judge,MC1,MC2,bleu acc,rouge1 acc
instructive_debiasing-llama2,0.9951040391676866,0.7980416156670747,0.24969400244798043,0.38715220975114994,0.33414932680538556,0.3623011015911873
