Model,Llama-info,Llama-judge,MC1,MC2,bleu acc,rouge1 acc
gpt2_cda_race,0.6795096322241682,0.3432574430823117,0.22888616891064872,0.40963381114223724,0.25569176882662,0.2732049036777583
