Model,Llama-info,Llama-judge,MC1,MC2,bleu acc,rouge1 acc
llama2-7b_cda_gender,0.9840881272949816,0.7552019583843329,0.24479804161566707,0.38224541049454897,0.3108935128518972,0.33659730722154224
