Model,Llama-info,Llama-judge,MC1,MC2,bleu acc,rouge1 acc
phi2,0.9522643818849449,0.42962056303549573,0.31211750305997554,0.4456044914049201,0.3769889840881273,0.3880048959608323
